Workbook

Sheet 1. Caso Base (U-U)
A1: Cliente | B1: Aleatorio Arribo | C1: Tiempo entre llegadas (min) | D1: Tiempo de llegada | E1: Aleatorio Servicio | F1: Tiempo de servicio (min) | G1: Inicio de servicio | H1: Fin de servicio | I1: Tiempo en sistema (min) | J1: Tiempo de espera (min) | K1: Tiempo desocupado cajero (min)
A2: 1 | B2: =RAND() -> 0.7479703 | C2: =ROUND(1 + (10-1)*B2, 0) -> 8 | D2: =ROUND(C2, 0) -> 8 | E2: =RAND() -> 0.38058117 | F2: =ROUND(1 + (6-1)*E2, 0) -> 3 | G2: =ROUND(D2, 0) -> 8 | H2: =ROUND(G2+F2, 0) -> 11 | I2: =ROUND(H2-D2, 0) -> 3 | J2: =ROUND(G2-D2, 0) -> 0 | K2: =ROUND(D2, 0) -> 8
A3: 2 | B3: =RAND() -> 0.0080773662 | C3: =ROUND(1 + (10-1)*B3, 0) -> 1 | D3: =ROUND(D2+C3, 0) -> 9 | E3: =RAND() -> 0.68244383 | F3: =ROUND(1 + (6-1)*E3, 0) -> 4 | G3: =ROUND(MAX(D3, H2), 0) -> 11 | H3: =ROUND(G3+F3, 0) -> 15 | I3: =ROUND(H3-D3, 0) -> 6 | J3: =ROUND(G3-D3, 0) -> 2 | K3: =ROUND(MAX(0, G3-H2), 0) -> 0
A4: 3 | B4: =RAND() -> 0.21282042 | C4: =ROUND(1 + (10-1)*B4, 0) -> 3 | D4: =ROUND(D3+C4, 0) -> 12 | E4: =RAND() -> 0.18938376 | F4: =ROUND(1 + (6-1)*E4, 0) -> 2 | G4: =ROUND(MAX(D4, H3), 0) -> 15 | H4: =ROUND(G4+F4, 0) -> 17 | I4: =ROUND(H4-D4, 0) -> 5 | J4: =ROUND(G4-D4, 0) -> 3 | K4: =ROUND(MAX(0, G4-H3), 0) -> 0
A5: 4 | B5: =RAND() -> 0.076367506 | C5: =ROUND(1 + (10-1)*B5, 0) -> 2 | D5: =ROUND(D4+C5, 0) -> 14 | E5: =RAND() -> 0.83944535 | F5: =ROUND(1 + (6-1)*E5, 0) -> 5 | G5: =ROUND(MAX(D5, H4), 0) -> 17 | H5: =ROUND(G5+F5, 0) -> 22 | I5: =ROUND(H5-D5, 0) -> 8 | J5: =ROUND(G5-D5, 0) -> 3 | K5: =ROUND(MAX(0, G5-H4), 0) -> 0
A6: 5 | B6: =RAND() -> 0.30651351 | C6: =ROUND(1 + (10-1)*B6, 0) -> 4 | D6: =ROUND(D5+C6, 0) -> 18 | E6: =RAND() -> 0.27844544 | F6: =ROUND(1 + (6-1)*E6, 0) -> 2 | G6: =ROUND(MAX(D6, H5), 0) -> 22 | H6: =ROUND(G6+F6, 0) -> 24 | I6: =ROUND(H6-D6, 0) -> 6 | J6: =ROUND(G6-D6, 0) -> 4 | K6: =ROUND(MAX(0, G6-H5), 0) -> 0
A7: 6 | B7: =RAND() -> 0.63263162 | C7: =ROUND(1 + (10-1)*B7, 0) -> 7 | D7: =ROUND(D6+C7, 0) -> 25 | E7: =RAND() -> 0.086175893 | F7: =ROUND(1 + (6-1)*E7, 0) -> 1 | G7: =ROUND(MAX(D7, H6), 0) -> 25 | H7: =ROUND(G7+F7, 0) -> 26 | I7: =ROUND(H7-D7, 0) -> 1 | J7: =ROUND(G7-D7, 0) -> 0 | K7: =ROUND(MAX(0, G7-H6), 0) -> 1
A8: 7 | B8: =RAND() -> 0.53564484 | C8: =ROUND(1 + (10-1)*B8, 0) -> 6 | D8: =ROUND(D7+C8, 0) -> 31 | E8: =RAND() -> 0.26821901 | F8: =ROUND(1 + (6-1)*E8, 0) -> 2 | G8: =ROUND(MAX(D8, H7), 0) -> 31 | H8: =ROUND(G8+F8, 0) -> 33 | I8: =ROUND(H8-D8, 0) -> 2 | J8: =ROUND(G8-D8, 0) -> 0 | K8: =ROUND(MAX(0, G8-H7), 0) -> 5
A9: 8 | B9: =RAND() -> 0.14493231 | C9: =ROUND(1 + (10-1)*B9, 0) -> 2 | D9: =ROUND(D8+C9, 0) -> 33 | E9: =RAND() -> 0.35068748 | F9: =ROUND(1 + (6-1)*E9, 0) -> 3 | G9: =ROUND(MAX(D9, H8), 0) -> 33 | H9: =ROUND(G9+F9, 0) -> 36 | I9: =ROUND(H9-D9, 0) -> 3 | J9: =ROUND(G9-D9, 0) -> 0 | K9: =ROUND(MAX(0, G9-H8), 0) -> 0
A10: 9 | B10: =RAND() -> 0.6749931 | C10: =ROUND(1 + (10-1)*B10, 0) -> 7 | D10: =ROUND(D9+C10, 0) -> 40 | E10: =RAND() -> 0.081388134 | F10: =ROUND(1 + (6-1)*E10, 0) -> 1 | G10: =ROUND(MAX(D10, H9), 0) -> 40 | H10: =ROUND(G10+F10, 0) -> 41 | I10: =ROUND(H10-D10, 0) -> 1 | J10: =ROUND(G10-D10, 0) -> 0 | K10: =ROUND(MAX(0, G10-H9), 0) -> 4
A11: 10 | B11: =RAND() -> 0.17762921 | C11: =ROUND(1 + (10-1)*B11, 0) -> 3 | D11: =ROUND(D10+C11, 0) -> 43 | E11: =RAND() -> 0.11771345 | F11: =ROUND(1 + (6-1)*E11, 0) -> 2 | G11: =ROUND(MAX(D11, H10), 0) -> 43 | H11: =ROUND(G11+F11, 0) -> 45 | I11: =ROUND(H11-D11, 0) -> 2 | J11: =ROUND(G11-D11, 0) -> 0 | K11: =ROUND(MAX(0, G11-H10), 0) -> 2
A12: 11 | B12: =RAND() -> 0.77250337 | C12: =ROUND(1 + (10-1)*B12, 0) -> 8 | D12: =ROUND(D11+C12, 0) -> 51 | E12: =RAND() -> 0.65886596 | F12: =ROUND(1 + (6-1)*E12, 0) -> 4 | G12: =ROUND(MAX(D12, H11), 0) -> 51 | H12: =ROUND(G12+F12, 0) -> 55 | I12: =ROUND(H12-D12, 0) -> 4 | J12: =ROUND(G12-D12, 0) -> 0 | K12: =ROUND(MAX(0, G12-H11), 0) -> 6
A13: 12 | B13: =RAND() -> 0.11834864 | C13: =ROUND(1 + (10-1)*B13, 0) -> 2 | D13: =ROUND(D12+C13, 0) -> 53 | E13: =RAND() -> 0.064110167 | F13: =ROUND(1 + (6-1)*E13, 0) -> 1 | G13: =ROUND(MAX(D13, H12), 0) -> 55 | H13: =ROUND(G13+F13, 0) -> 56 | I13: =ROUND(H13-D13, 0) -> 3 | J13: =ROUND(G13-D13, 0) -> 2 | K13: =ROUND(MAX(0, G13-H12), 0) -> 0
A14: 13 | B14: =RAND() -> 0.33316252 | C14: =ROUND(1 + (10-1)*B14, 0) -> 4 | D14: =ROUND(D13+C14, 0) -> 57 | E14: =RAND() -> 0.93566489 | F14: =ROUND(1 + (6-1)*E14, 0) -> 6 | G14: =ROUND(MAX(D14, H13), 0) -> 57 | H14: =ROUND(G14+F14, 0) -> 63 | I14: =ROUND(H14-D14, 0) -> 6 | J14: =ROUND(G14-D14, 0) -> 0 | K14: =ROUND(MAX(0, G14-H13), 0) -> 1
... A51: 50 | B51: =RAND() -> 0.051483199 | C51: =ROUND(1 + (10-1)*B51, 0) -> 1 | D51: =ROUND(D50+C51, 0) -> 272 | E51: =RAND() -> 0.59122692 | F51: =ROUND(1 + (6-1)*E51, 0) -> 4 | G51: =ROUND(MAX(D51, H50), 0) -> 276 | H51: =ROUND(G51+F51, 0) -> 280 | I51: =ROUND(H51-D51, 0) -> 8 | J51: =ROUND(G51-D51, 0) -> 4 | K51: =ROUND(MAX(0, G51-H50), 0) -> 0

Sheet 2. Escenario 1 (Exp-U)
A1: Cliente | B1: Aleatorio Arribo | C1: Tiempo entre llegadas (min) | D1: Tiempo de llegada | E1: Aleatorio Servicio | F1: Tiempo de servicio (min) | G1: Inicio de servicio | H1: Fin de servicio | I1: Tiempo en sistema (min) | J1: Tiempo de espera (min) | K1: Tiempo desocupado cajero (min)
A2: 1 | B2: =RAND() -> 0.48086003 | C2: =ROUND(-LN(1-B2)/0.1, 0) -> 7 | D2: =ROUND(C2, 0) -> 7 | E2: =RAND() -> 0.56960929 | F2: =ROUND(1 + (6-1)*E2, 0) -> 4 | G2: =ROUND(D2, 0) -> 7 | H2: =ROUND(G2+F2, 0) -> 11 | I2: =ROUND(H2-D2, 0) -> 4 | J2: =ROUND(G2-D2, 0) -> 0 | K2: =ROUND(D2, 0) -> 7
A3: 2 | B3: =RAND() -> 0.62330541 | C3: =ROUND(-LN(1-B3)/0.1, 0) -> 10 | D3: =ROUND(D2+C3, 0) -> 17 | E3: =RAND() -> 0.69953079 | F3: =ROUND(1 + (6-1)*E3, 0) -> 4 | G3: =ROUND(MAX(D3, H2), 0) -> 17 | H3: =ROUND(G3+F3, 0) -> 21 | I3: =ROUND(H3-D3, 0) -> 4 | J3: =ROUND(G3-D3, 0) -> 0 | K3: =ROUND(MAX(0, G3-H2), 0) -> 6
A4: 3 | B4: =RAND() -> 0.78105462 | C4: =ROUND(-LN(1-B4)/0.1, 0) -> 15 | D4: =ROUND(D3+C4, 0) -> 32 | E4: =RAND() -> 0.5060064 | F4: =ROUND(1 + (6-1)*E4, 0) -> 4 | G4: =ROUND(MAX(D4, H3), 0) -> 32 | H4: =ROUND(G4+F4, 0) -> 36 | I4: =ROUND(H4-D4, 0) -> 4 | J4: =ROUND(G4-D4, 0) -> 0 | K4: =ROUND(MAX(0, G4-H3), 0) -> 11
A5: 4 | B5: =RAND() -> 0.2872118 | C5: =ROUND(-LN(1-B5)/0.1, 0) -> 3 | D5: =ROUND(D4+C5, 0) -> 35 | E5: =RAND() -> 0.85510064 | F5: =ROUND(1 + (6-1)*E5, 0) -> 5 | G5: =ROUND(MAX(D5, H4), 0) -> 36 | H5: =ROUND(G5+F5, 0) -> 41 | I5: =ROUND(H5-D5, 0) -> 6 | J5: =ROUND(G5-D5, 0) -> 1 | K5: =ROUND(MAX(0, G5-H4), 0) -> 0
A6: 5 | B6: =RAND() -> 0.67184809 | C6: =ROUND(-LN(1-B6)/0.1, 0) -> 11 | D6: =ROUND(D5+C6, 0) -> 46 | E6: =RAND() -> 0.088327164 | F6: =ROUND(1 + (6-1)*E6, 0) -> 1 | G6: =ROUND(MAX(D6, H5), 0) -> 46 | H6: =ROUND(G6+F6, 0) -> 47 | I6: =ROUND(H6-D6, 0) -> 1 | J6: =ROUND(G6-D6, 0) -> 0 | K6: =ROUND(MAX(0, G6-H5), 0) -> 5
A7: 6 | B7: =RAND() -> 0.17990432 | C7: =ROUND(-LN(1-B7)/0.1, 0) -> 2 | D7: =ROUND(D6+C7, 0) -> 48 | E7: =RAND() -> 0.8698093 | F7: =ROUND(1 + (6-1)*E7, 0) -> 5 | G7: =ROUND(MAX(D7, H6), 0) -> 48 | H7: =ROUND(G7+F7, 0) -> 53 | I7: =ROUND(H7-D7, 0) -> 5 | J7: =ROUND(G7-D7, 0) -> 0 | K7: =ROUND(MAX(0, G7-H6), 0) -> 1
A8: 7 | B8: =RAND() -> 0.78241177 | C8: =ROUND(-LN(1-B8)/0.1, 0) -> 15 | D8: =ROUND(D7+C8, 0) -> 63 | E8: =RAND() -> 0.97582947 | F8: =ROUND(1 + (6-1)*E8, 0) -> 6 | G8: =ROUND(MAX(D8, H7), 0) -> 63 | H8: =ROUND(G8+F8, 0) -> 69 | I8: =ROUND(H8-D8, 0) -> 6 | J8: =ROUND(G8-D8, 0) -> 0 | K8: =ROUND(MAX(0, G8-H7), 0) -> 10
A9: 8 | B9: =RAND() -> 0.92999634 | C9: =ROUND(-LN(1-B9)/0.1, 0) -> 27 | D9: =ROUND(D8+C9, 0) -> 90 | E9: =RAND() -> 0.80218806 | F9: =ROUND(1 + (6-1)*E9, 0) -> 5 | G9: =ROUND(MAX(D9, H8), 0) -> 90 | H9: =ROUND(G9+F9, 0) -> 95 | I9: =ROUND(H9-D9, 0) -> 5 | J9: =ROUND(G9-D9, 0) -> 0 | K9: =ROUND(MAX(0, G9-H8), 0) -> 21
A10: 9 | B10: =RAND() -> 0.78696216 | C10: =ROUND(-LN(1-B10)/0.1, 0) -> 15 | D10: =ROUND(D9+C10, 0) -> 105 | E10: =RAND() -> 0.047724646 | F10: =ROUND(1 + (6-1)*E10, 0) -> 1 | G10: =ROUND(MAX(D10, H9), 0) -> 105 | H10: =ROUND(G10+F10, 0) -> 106 | I10: =ROUND(H10-D10, 0) -> 1 | J10: =ROUND(G10-D10, 0) -> 0 | K10: =ROUND(MAX(0, G10-H9), 0) -> 10
A11: 10 | B11: =RAND() -> 0.10208059 | C11: =ROUND(-LN(1-B11)/0.1, 0) -> 1 | D11: =ROUND(D10+C11, 0) -> 106 | E11: =RAND() -> 0.88449913 | F11: =ROUND(1 + (6-1)*E11, 0) -> 5 | G11: =ROUND(MAX(D11, H10), 0) -> 106 | H11: =ROUND(G11+F11, 0) -> 111 | I11: =ROUND(H11-D11, 0) -> 5 | J11: =ROUND(G11-D11, 0) -> 0 | K11: =ROUND(MAX(0, G11-H10), 0) -> 0
A12: 11 | B12: =RAND() -> 0.89158405 | C12: =ROUND(-LN(1-B12)/0.1, 0) -> 22 | D12: =ROUND(D11+C12, 0) -> 128 | E12: =RAND() -> 0.29400731 | F12: =ROUND(1 + (6-1)*E12, 0) -> 2 | G12: =ROUND(MAX(D12, H11), 0) -> 128 | H12: =ROUND(G12+F12, 0) -> 130 | I12: =ROUND(H12-D12, 0) -> 2 | J12: =ROUND(G12-D12, 0) -> 0 | K12: =ROUND(MAX(0, G12-H11), 0) -> 17
A13: 12 | B13: =RAND() -> 0.10479899 | C13: =ROUND(-LN(1-B13)/0.1, 0) -> 1 | D13: =ROUND(D12+C13, 0) -> 129 | E13: =RAND() -> 0.47775994 | F13: =ROUND(1 + (6-1)*E13, 0) -> 3 | G13: =ROUND(MAX(D13, H12), 0) -> 130 | H13: =ROUND(G13+F13, 0) -> 133 | I13: =ROUND(H13-D13, 0) -> 4 | J13: =ROUND(G13-D13, 0) -> 1 | K13: =ROUND(MAX(0, G13-H12), 0) -> 0
A14: 13 | B14: =RAND() -> 0.75436848 | C14: =ROUND(-LN(1-B14)/0.1, 0) -> 14 | D14: =ROUND(D13+C14, 0) -> 143 | E14: =RAND() -> 0.85161953 | F14: =ROUND(1 + (6-1)*E14, 0) -> 5 | G14: =ROUND(MAX(D14, H13), 0) -> 143 | H14: =ROUND(G14+F14, 0) -> 148 | I14: =ROUND(H14-D14, 0) -> 5 | J14: =ROUND(G14-D14, 0) -> 0 | K14: =ROUND(MAX(0, G14-H13), 0) -> 10
... A51: 50 | B51: =RAND() -> 0.16673779 | C51: =ROUND(-LN(1-B51)/0.1, 0) -> 2 | D51: =ROUND(D50+C51, 0) -> 403 | E51: =RAND() -> 0.54517775 | F51: =ROUND(1 + (6-1)*E51, 0) -> 4 | G51: =ROUND(MAX(D51, H50), 0) -> 403 | H51: =ROUND(G51+F51, 0) -> 407 | I51: =ROUND(H51-D51, 0) -> 4 | J51: =ROUND(G51-D51, 0) -> 0 | K51: =ROUND(MAX(0, G51-H50), 0) -> 0

Sheet 3. Escenario 2 (U-Norm)
A1: Cliente | B1: Aleatorio Arribo | C1: Tiempo entre llegadas (min) | D1: Tiempo de llegada | E1: Aleatorio Servicio | F1: Tiempo de servicio (min) | G1: Inicio de servicio | H1: Fin de servicio | I1: Tiempo en sistema (min) | J1: Tiempo de espera (min) | K1: Tiempo desocupado cajero (min)
A2: 1 | B2: =RAND() -> 0.52382687 | C2: =ROUND(1 + (10-1)*B2, 0) -> 6 | D2: =ROUND(C2, 0) -> 6 | E2: =RAND() -> 0.11984678 | F2: =ROUND(MAX(0.1, NORMINV(E2, 3, 3)), 0) -> 0 | G2: =ROUND(D2, 0) -> 6 | H2: =ROUND(G2+F2, 0) -> 6 | I2: =ROUND(H2-D2, 0) -> 0 | J2: =ROUND(G2-D2, 0) -> 0 | K2: =ROUND(D2, 0) -> 6
A3: 2 | B3: =RAND() -> 0.11563663 | C3: =ROUND(1 + (10-1)*B3, 0) -> 2 | D3: =ROUND(D2+C3, 0) -> 8 | E3: =RAND() -> 0.42342915 | F3: =ROUND(MAX(0.1, NORMINV(E3, 3, 3)), 0) -> 2 | G3: =ROUND(MAX(D3, H2), 0) -> 8 | H3: =ROUND(G3+F3, 0) -> 10 | I3: =ROUND(H3-D3, 0) -> 2 | J3: =ROUND(G3-D3, 0) -> 0 | K3: =ROUND(MAX(0, G3-H2), 0) -> 2
A4: 3 | B4: =RAND() -> 0.9163203 | C4: =ROUND(1 + (10-1)*B4, 0) -> 9 | D4: =ROUND(D3+C4, 0) -> 17 | E4: =RAND() -> 0.36439012 | F4: =ROUND(MAX(0.1, NORMINV(E4, 3, 3)), 0) -> 2 | G4: =ROUND(MAX(D4, H3), 0) -> 17 | H4: =ROUND(G4+F4, 0) -> 19 | I4: =ROUND(H4-D4, 0) -> 2 | J4: =ROUND(G4-D4, 0) -> 0 | K4: =ROUND(MAX(0, G4-H3), 0) -> 7
A5: 4 | B5: =RAND() -> 0.002516462 | C5: =ROUND(1 + (10-1)*B5, 0) -> 1 | D5: =ROUND(D4+C5, 0) -> 18 | E5: =RAND() -> 0.23850217 | F5: =ROUND(MAX(0.1, NORMINV(E5, 3, 3)), 0) -> 1 | G5: =ROUND(MAX(D5, H4), 0) -> 19 | H5: =ROUND(G5+F5, 0) -> 20 | I5: =ROUND(H5-D5, 0) -> 2 | J5: =ROUND(G5-D5, 0) -> 1 | K5: =ROUND(MAX(0, G5-H4), 0) -> 0
A6: 5 | B6: =RAND() -> 0.50679221 | C6: =ROUND(1 + (10-1)*B6, 0) -> 6 | D6: =ROUND(D5+C6, 0) -> 24 | E6: =RAND() -> 0.26908129 | F6: =ROUND(MAX(0.1, NORMINV(E6, 3, 3)), 0) -> 1 | G6: =ROUND(MAX(D6, H5), 0) -> 24 | H6: =ROUND(G6+F6, 0) -> 25 | I6: =ROUND(H6-D6, 0) -> 1 | J6: =ROUND(G6-D6, 0) -> 0 | K6: =ROUND(MAX(0, G6-H5), 0) -> 4
A7: 6 | B7: =RAND() -> 0.46239737 | C7: =ROUND(1 + (10-1)*B7, 0) -> 5 | D7: =ROUND(D6+C7, 0) -> 29 | E7: =RAND() -> 0.88734615 | F7: =ROUND(MAX(0.1, NORMINV(E7, 3, 3)), 0) -> 7 | G7: =ROUND(MAX(D7, H6), 0) -> 29 | H7: =ROUND(G7+F7, 0) -> 36 | I7: =ROUND(H7-D7, 0) -> 7 | J7: =ROUND(G7-D7, 0) -> 0 | K7: =ROUND(MAX(0, G7-H6), 0) -> 4
A8: 7 | B8: =RAND() -> 0.13396284 | C8: =ROUND(1 + (10-1)*B8, 0) -> 2 | D8: =ROUND(D7+C8, 0) -> 31 | E8: =RAND() -> 0.90089608 | F8: =ROUND(MAX(0.1, NORMINV(E8, 3, 3)), 0) -> 7 | G8: =ROUND(MAX(D8, H7), 0) -> 36 | H8: =ROUND(G8+F8, 0) -> 43 | I8: =ROUND(H8-D8, 0) -> 12 | J8: =ROUND(G8-D8, 0) -> 5 | K8: =ROUND(MAX(0, G8-H7), 0) -> 0
A9: 8 | B9: =RAND() -> 0.22424775 | C9: =ROUND(1 + (10-1)*B9, 0) -> 3 | D9: =ROUND(D8+C9, 0) -> 34 | E9: =RAND() -> 0.50891914 | F9: =ROUND(MAX(0.1, NORMINV(E9, 3, 3)), 0) -> 3 | G9: =ROUND(MAX(D9, H8), 0) -> 43 | H9: =ROUND(G9+F9, 0) -> 46 | I9: =ROUND(H9-D9, 0) -> 12 | J9: =ROUND(G9-D9, 0) -> 9 | K9: =ROUND(MAX(0, G9-H8), 0) -> 0
A10: 9 | B10: =RAND() -> 0.44417786 | C10: =ROUND(1 + (10-1)*B10, 0) -> 5 | D10: =ROUND(D9+C10, 0) -> 39 | E10: =RAND() -> 0.20720875 | F10: =ROUND(MAX(0.1, NORMINV(E10, 3, 3)), 0) -> 1 | G10: =ROUND(MAX(D10, H9), 0) -> 46 | H10: =ROUND(G10+F10, 0) -> 47 | I10: =ROUND(H10-D10, 0) -> 8 | J10: =ROUND(G10-D10, 0) -> 7 | K10: =ROUND(MAX(0, G10-H9), 0) -> 0
A11: 10 | B11: =RAND() -> 0.18516044 | C11: =ROUND(1 + (10-1)*B11, 0) -> 3 | D11: =ROUND(D10+C11, 0) -> 42 | E11: =RAND() -> 0.30946657 | F11: =ROUND(MAX(0.1, NORMINV(E11, 3, 3)), 0) -> 2 | G11: =ROUND(MAX(D11, H10), 0) -> 47 | H11: =ROUND(G11+F11, 0) -> 49 | I11: =ROUND(H11-D11, 0) -> 7 | J11: =ROUND(G11-D11, 0) -> 5 | K11: =ROUND(MAX(0, G11-H10), 0) -> 0
A12: 11 | B12: =RAND() -> 0.77115936 | C12: =ROUND(1 + (10-1)*B12, 0) -> 8 | D12: =ROUND(D11+C12, 0) -> 50 | E12: =RAND() -> 0.33549685 | F12: =ROUND(MAX(0.1, NORMINV(E12, 3, 3)), 0) -> 2 | G12: =ROUND(MAX(D12, H11), 0) -> 50 | H12: =ROUND(G12+F12, 0) -> 52 | I12: =ROUND(H12-D12, 0) -> 2 | J12: =ROUND(G12-D12, 0) -> 0 | K12: =ROUND(MAX(0, G12-H11), 0) -> 1
A13: 12 | B13: =RAND() -> 0.56249443 | C13: =ROUND(1 + (10-1)*B13, 0) -> 6 | D13: =ROUND(D12+C13, 0) -> 56 | E13: =RAND() -> 0.61836614 | F13: =ROUND(MAX(0.1, NORMINV(E13, 3, 3)), 0) -> 4 | G13: =ROUND(MAX(D13, H12), 0) -> 56 | H13: =ROUND(G13+F13, 0) -> 60 | I13: =ROUND(H13-D13, 0) -> 4 | J13: =ROUND(G13-D13, 0) -> 0 | K13: =ROUND(MAX(0, G13-H12), 0) -> 4
A14: 13 | B14: =RAND() -> 0.75784836 | C14: =ROUND(1 + (10-1)*B14, 0) -> 8 | D14: =ROUND(D13+C14, 0) -> 64 | E14: =RAND() -> 0.66035907 | F14: =ROUND(MAX(0.1, NORMINV(E14, 3, 3)), 0) -> 4 | G14: =ROUND(MAX(D14, H13), 0) -> 64 | H14: =ROUND(G14+F14, 0) -> 68 | I14: =ROUND(H14-D14, 0) -> 4 | J14: =ROUND(G14-D14, 0) -> 0 | K14: =ROUND(MAX(0, G14-H13), 0) -> 4
... A51: 50 | B51: =RAND() -> 0.63492604 | C51: =ROUND(1 + (10-1)*B51, 0) -> 7 | D51: =ROUND(D50+C51, 0) -> 275 | E51: =RAND() -> 0.26916487 | F51: =ROUND(MAX(0.1, NORMINV(E51, 3, 3)), 0) -> 1 | G51: =ROUND(MAX(D51, H50), 0) -> 275 | H51: =ROUND(G51+F51, 0) -> 276 | I51: =ROUND(H51-D51, 0) -> 1 | J51: =ROUND(G51-D51, 0) -> 0 | K51: =ROUND(MAX(0, G51-H50), 0) -> 0

Sheet Resumen y Comparación
A1: Métrica | B1: Caso Base (U-U) | C1: Escenario 1 (Exp-U) | D1: Escenario 2 (U-Norm)
A2: Tiempo Promedio en Sistema (min) | B2: =ROUND(AVERAGE('1. Caso Base (U-U)'!I2:I51), 0) -> 4 | C2: =ROUND(AVERAGE('2. Escenario 1 (Exp-U)'!I2:I51), 0) -> 5 | D2: =ROUND(AVERAGE('3. Escenario 2 (U-Norm)'!I2:I51), 0) -> 4
A3: Tiempo Desocupado Total Cajero (min) | B3: =ROUND(SUM('1. Caso Base (U-U)'!K2:K51), 0) -> 109 | C3: =ROUND(SUM('2. Escenario 1 (Exp-U)'!K2:K51), 0) -> 230 | D3: =ROUND(SUM('3. Escenario 2 (U-Norm)'!K2:K51), 0) -> 135
A4: Tiempo Promedio de Espera (min) | B4: =ROUND(AVERAGE('1. Caso Base (U-U)'!J2:J51), 0) -> 1 | C4: =ROUND(AVERAGE('2. Escenario 1 (Exp-U)'!J2:J51), 0) -> 2 | D4: =ROUND(AVERAGE('3. Escenario 2 (U-Norm)'!J2:J51), 0) -> 1
