Workbook

Sheet 1. Caso Base (U-U)
A1: Cliente | B1: Aleatorio Arribo | C1: Tiempo entre llegadas (min) | D1: Tiempo de llegada | E1: Aleatorio Servicio | F1: Tiempo de servicio (min) | G1: Inicio de servicio | H1: Fin de servicio | I1: Tiempo en sistema (min) | J1: Tiempo de espera (min) | K1: Tiempo desocupado cajero (min)
A2: 1 | B2: =RAND() -> 0.90907497 | C2: =1 + (10-1)*B2 -> 9.1816747 | D2: =C2 -> 9.1816747 | E2: =RAND() -> 0.017400949 | F2: =1 + (6-1)*E2 -> 1.0870047 | G2: =D2 -> 9.1816747 | H2: =G2+F2 -> 10.268679 | I2: =H2-D2 -> 1.0870047 | J2: =G2-D2 -> 0 | K2: =D2 -> 9.1816747
A3: 2 | B3: =RAND() -> 0.2820654 | C3: =1 + (10-1)*B3 -> 3.5385886 | D3: =D2+C3 -> 12.720263 | E3: =RAND() -> 0.53494745 | F3: =1 + (6-1)*E3 -> 3.6747373 | G3: =MAX(D3, H2) -> 12.720263 | H3: =G3+F3 -> 16.395001 | I3: =H3-D3 -> 3.6747373 | J3: =G3-D3 -> 0 | K3: =MAX(0, G3-H2) -> 2.4515839
A4: 3 | B4: =RAND() -> 0.16458108 | C4: =1 + (10-1)*B4 -> 2.4812297 | D4: =D3+C4 -> 15.201493 | E4: =RAND() -> 0.4221771 | F4: =1 + (6-1)*E4 -> 3.1108855 | G4: =MAX(D4, H3) -> 16.395001 | H4: =G4+F4 -> 19.505886 | I4: =H4-D4 -> 4.3043931 | J4: =G4-D4 -> 1.1935076 | K4: =MAX(0, G4-H3) -> 0
A5: 4 | B5: =RAND() -> 0.61161989 | C5: =1 + (10-1)*B5 -> 6.504579 | D5: =D4+C5 -> 21.706072 | E5: =RAND() -> 0.92589577 | F5: =1 + (6-1)*E5 -> 5.6294789 | G5: =MAX(D5, H4) -> 21.706072 | H5: =G5+F5 -> 27.335551 | I5: =H5-D5 -> 5.6294789 | J5: =G5-D5 -> 0 | K5: =MAX(0, G5-H4) -> 2.2001859
A6: 5 | B6: =RAND() -> 0.25722327 | C6: =1 + (10-1)*B6 -> 3.3150095 | D6: =D5+C6 -> 25.021081 | E6: =RAND() -> 0.57599141 | F6: =1 + (6-1)*E6 -> 3.8799571 | G6: =MAX(D6, H5) -> 27.335551 | H6: =G6+F6 -> 31.215508 | I6: =H6-D6 -> 6.1944264 | J6: =G6-D6 -> 2.3144694 | K6: =MAX(0, G6-H5) -> 0
A7: 6 | B7: =RAND() -> 0.026328912 | C7: =1 + (10-1)*B7 -> 1.2369602 | D7: =D6+C7 -> 26.258042 | E7: =RAND() -> 0.89810047 | F7: =1 + (6-1)*E7 -> 5.4905023 | G7: =MAX(D7, H6) -> 31.215508 | H7: =G7+F7 -> 36.70601 | I7: =H7-D7 -> 10.447969 | J7: =G7-D7 -> 4.9574662 | K7: =MAX(0, G7-H6) -> 0
A8: 7 | B8: =RAND() -> 0.092412855 | C8: =1 + (10-1)*B8 -> 1.8317157 | D8: =D7+C8 -> 28.089757 | E8: =RAND() -> 0.073835805 | F8: =1 + (6-1)*E8 -> 1.369179 | G8: =MAX(D8, H7) -> 36.70601 | H8: =G8+F8 -> 38.075189 | I8: =H8-D8 -> 9.9854319 | J8: =G8-D8 -> 8.6162529 | K8: =MAX(0, G8-H7) -> 0
A9: 8 | B9: =RAND() -> 0.48291763 | C9: =1 + (10-1)*B9 -> 5.3462586 | D9: =D8+C9 -> 33.436016 | E9: =RAND() -> 0.94574792 | F9: =1 + (6-1)*E9 -> 5.7287396 | G9: =MAX(D9, H8) -> 38.075189 | H9: =G9+F9 -> 43.803929 | I9: =H9-D9 -> 10.367913 | J9: =G9-D9 -> 4.6391733 | K9: =MAX(0, G9-H8) -> 0
A10: 9 | B10: =RAND() -> 0.92545394 | C10: =1 + (10-1)*B10 -> 9.3290855 | D10: =D9+C10 -> 42.765101 | E10: =RAND() -> 0.19088449 | F10: =1 + (6-1)*E10 -> 1.9544225 | G10: =MAX(D10, H9) -> 43.803929 | H10: =G10+F10 -> 45.758351 | I10: =H10-D10 -> 2.9932499 | J10: =G10-D10 -> 1.0388274 | K10: =MAX(0, G10-H9) -> 0
A11: 10 | B11: =RAND() -> 0.80205936 | C11: =1 + (10-1)*B11 -> 8.2185343 | D11: =D10+C11 -> 50.983636 | E11: =RAND() -> 0.39559977 | F11: =1 + (6-1)*E11 -> 2.9779988 | G11: =MAX(D11, H10) -> 50.983636 | H11: =G11+F11 -> 53.961635 | I11: =H11-D11 -> 2.9779988 | J11: =G11-D11 -> 0 | K11: =MAX(0, G11-H10) -> 5.2252844
A12: 11 | B12: =RAND() -> 0.59595564 | C12: =1 + (10-1)*B12 -> 6.3636008 | D12: =D11+C12 -> 57.347237 | E12: =RAND() -> 0.16148768 | F12: =1 + (6-1)*E12 -> 1.8074384 | G12: =MAX(D12, H11) -> 57.347237 | H12: =G12+F12 -> 59.154675 | I12: =H12-D12 -> 1.8074384 | J12: =G12-D12 -> 0 | K12: =MAX(0, G12-H11) -> 3.385602
A13: 12 | B13: =RAND() -> 0.89389605 | C13: =1 + (10-1)*B13 -> 9.0450645 | D13: =D12+C13 -> 66.392301 | E13: =RAND() -> 0.40973334 | F13: =1 + (6-1)*E13 -> 3.0486667 | G13: =MAX(D13, H12) -> 66.392301 | H13: =G13+F13 -> 69.440968 | I13: =H13-D13 -> 3.0486667 | J13: =G13-D13 -> 0 | K13: =MAX(0, G13-H12) -> 7.2376261
A14: 13 | B14: =RAND() -> 0.58449287 | C14: =1 + (10-1)*B14 -> 6.2604358 | D14: =D13+C14 -> 72.652737 | E14: =RAND() -> 0.5450335 | F14: =1 + (6-1)*E14 -> 3.7251675 | G14: =MAX(D14, H13) -> 72.652737 | H14: =G14+F14 -> 76.377904 | I14: =H14-D14 -> 3.7251675 | J14: =G14-D14 -> 0 | K14: =MAX(0, G14-H13) -> 3.2117692
... A51: 50 | B51: =RAND() -> 0.6363609 | C51: =1 + (10-1)*B51 -> 6.7272481 | D51: =D50+C51 -> 299.14785 | E51: =RAND() -> 0.015069936 | F51: =1 + (6-1)*E51 -> 1.0753497 | G51: =MAX(D51, H50) -> 299.14785 | H51: =G51+F51 -> 300.2232 | I51: =H51-D51 -> 1.0753497 | J51: =G51-D51 -> 0 | K51: =MAX(0, G51-H50) -> 0.57722721

Sheet 2. Escenario 1 (Exp-U)
A1: Cliente | B1: Aleatorio Arribo | C1: Tiempo entre llegadas (min) | D1: Tiempo de llegada | E1: Aleatorio Servicio | F1: Tiempo de servicio (min) | G1: Inicio de servicio | H1: Fin de servicio | I1: Tiempo en sistema (min) | J1: Tiempo de espera (min) | K1: Tiempo desocupado cajero (min)
A2: 1 | B2: =RAND() -> 0.80952139 | C2: =-LN(1-B2)/0.1 -> 16.582154 | D2: =C2 -> 16.582154 | E2: =RAND() -> 0.06937995 | F2: =1 + (6-1)*E2 -> 1.3468998 | G2: =D2 -> 16.582154 | H2: =G2+F2 -> 17.929053 | I2: =H2-D2 -> 1.3468998 | J2: =G2-D2 -> 0 | K2: =D2 -> 16.582154
A3: 2 | B3: =RAND() -> 0.83878926 | C3: =-LN(1-B3)/0.1 -> 18.250428 | D3: =D2+C3 -> 34.832582 | E3: =RAND() -> 0.10028485 | F3: =1 + (6-1)*E3 -> 1.5014243 | G3: =MAX(D3, H2) -> 34.832582 | H3: =G3+F3 -> 36.334006 | I3: =H3-D3 -> 1.5014243 | J3: =G3-D3 -> 0 | K3: =MAX(0, G3-H2) -> 16.903528
A4: 3 | B4: =RAND() -> 0.57777446 | C4: =-LN(1-B4)/0.1 -> 8.6221566 | D4: =D3+C4 -> 43.454738 | E4: =RAND() -> 0.75944658 | F4: =1 + (6-1)*E4 -> 4.7972329 | G4: =MAX(D4, H3) -> 43.454738 | H4: =G4+F4 -> 48.251971 | I4: =H4-D4 -> 4.7972329 | J4: =G4-D4 -> 0 | K4: =MAX(0, G4-H3) -> 7.1207323
A5: 4 | B5: =RAND() -> 0.37286017 | C5: =-LN(1-B5)/0.1 -> 4.6658575 | D5: =D4+C5 -> 48.120596 | E5: =RAND() -> 0.1400404 | F5: =1 + (6-1)*E5 -> 1.700202 | G5: =MAX(D5, H4) -> 48.251971 | H5: =G5+F5 -> 49.952173 | I5: =H5-D5 -> 1.8315773 | J5: =G5-D5 -> 0.13137536 | K5: =MAX(0, G5-H4) -> 0
A6: 5 | B6: =RAND() -> 0.34196303 | C6: =-LN(1-B6)/0.1 -> 4.1849417 | D6: =D5+C6 -> 52.305538 | E6: =RAND() -> 0.90748439 | F6: =1 + (6-1)*E6 -> 5.537422 | G6: =MAX(D6, H5) -> 52.305538 | H6: =G6+F6 -> 57.84296 | I6: =H6-D6 -> 5.537422 | J6: =G6-D6 -> 0 | K6: =MAX(0, G6-H5) -> 2.3533643
A7: 6 | B7: =RAND() -> 0.41414004 | C7: =-LN(1-B7)/0.1 -> 5.3467449 | D7: =D6+C7 -> 57.652283 | E7: =RAND() -> 0.40286856 | F7: =1 + (6-1)*E7 -> 3.0143428 | G7: =MAX(D7, H6) -> 57.84296 | H7: =G7+F7 -> 60.857302 | I7: =H7-D7 -> 3.2050198 | J7: =G7-D7 -> 0.19067706 | K7: =MAX(0, G7-H6) -> 0
A8: 7 | B8: =RAND() -> 0.91078222 | C8: =-LN(1-B8)/0.1 -> 24.166749 | D8: =D7+C8 -> 81.819032 | E8: =RAND() -> 0.81333757 | F8: =1 + (6-1)*E8 -> 5.0666879 | G8: =MAX(D8, H7) -> 81.819032 | H8: =G8+F8 -> 86.88572 | I8: =H8-D8 -> 5.0666879 | J8: =G8-D8 -> 0 | K8: =MAX(0, G8-H7) -> 20.961729
A9: 8 | B9: =RAND() -> 0.3445948 | C9: =-LN(1-B9)/0.1 -> 4.2250161 | D9: =D8+C9 -> 86.044048 | E9: =RAND() -> 0.284851 | F9: =1 + (6-1)*E9 -> 2.424255 | G9: =MAX(D9, H8) -> 86.88572 | H9: =G9+F9 -> 89.309975 | I9: =H9-D9 -> 3.2659268 | J9: =G9-D9 -> 0.84167178 | K9: =MAX(0, G9-H8) -> 0
A10: 9 | B10: =RAND() -> 0.37567746 | C10: =-LN(1-B10)/0.1 -> 4.7108815 | D10: =D9+C10 -> 90.754929 | E10: =RAND() -> 0.45676441 | F10: =1 + (6-1)*E10 -> 3.283822 | G10: =MAX(D10, H9) -> 90.754929 | H10: =G10+F10 -> 94.038751 | I10: =H10-D10 -> 3.283822 | J10: =G10-D10 -> 0 | K10: =MAX(0, G10-H9) -> 1.4449547
A11: 10 | B11: =RAND() -> 0.31775469 | C11: =-LN(1-B11)/0.1 -> 3.82366 | D11: =D10+C11 -> 94.578589 | E11: =RAND() -> 0.73182612 | F11: =1 + (6-1)*E11 -> 4.6591306 | G11: =MAX(D11, H10) -> 94.578589 | H11: =G11+F11 -> 99.23772 | I11: =H11-D11 -> 4.6591306 | J11: =G11-D11 -> 0 | K11: =MAX(0, G11-H10) -> 0.53983797
A12: 11 | B12: =RAND() -> 0.77249311 | C12: =-LN(1-B12)/0.1 -> 14.805747 | D12: =D11+C12 -> 109.38434 | E12: =RAND() -> 0.038534656 | F12: =1 + (6-1)*E12 -> 1.1926733 | G12: =MAX(D12, H11) -> 109.38434 | H12: =G12+F12 -> 110.57701 | I12: =H12-D12 -> 1.1926733 | J12: =G12-D12 -> 0 | K12: =MAX(0, G12-H11) -> 10.146617
A13: 12 | B13: =RAND() -> 0.65430789 | C13: =-LN(1-B13)/0.1 -> 10.622068 | D13: =D12+C13 -> 120.0064 | E13: =RAND() -> 0.90326045 | F13: =1 + (6-1)*E13 -> 5.5163022 | G13: =MAX(D13, H12) -> 120.0064 | H13: =G13+F13 -> 125.52271 | I13: =H13-D13 -> 5.5163022 | J13: =G13-D13 -> 0 | K13: =MAX(0, G13-H12) -> 9.4293943
A14: 13 | B14: =RAND() -> 0.74552752 | C14: =-LN(1-B14)/0.1 -> 13.685626 | D14: =D13+C14 -> 133.69203 | E14: =RAND() -> 0.6750548 | F14: =1 + (6-1)*E14 -> 4.375274 | G14: =MAX(D14, H13) -> 133.69203 | H14: =G14+F14 -> 138.0673 | I14: =H14-D14 -> 4.375274 | J14: =G14-D14 -> 0 | K14: =MAX(0, G14-H13) -> 8.1693235
... A51: 50 | B51: =RAND() -> 0.013763314 | C51: =-LN(1-B51)/0.1 -> 0.13858906 | D51: =D50+C51 -> 431.65791 | E51: =RAND() -> 0.9288789 | F51: =1 + (6-1)*E51 -> 5.6443945 | G51: =MAX(D51, H50) -> 433.6324 | H51: =G51+F51 -> 439.2768 | I51: =H51-D51 -> 7.6188869 | J51: =G51-D51 -> 1.9744924 | K51: =MAX(0, G51-H50) -> 0

Sheet 3. Escenario 2 (U-Norm)
A1: Cliente | B1: Aleatorio Arribo | C1: Tiempo entre llegadas (min) | D1: Tiempo de llegada | E1: Aleatorio Servicio | F1: Tiempo de servicio (min) | G1: Inicio de servicio | H1: Fin de servicio | I1: Tiempo en sistema (min) | J1: Tiempo de espera (min) | K1: Tiempo desocupado cajero (min)
A2: 1 | B2: =RAND() -> 0.43632342 | C2: =1 + (10-1)*B2 -> 4.9269108 | D2: =C2 -> 4.9269108 | E2: =RAND() -> 0.56680464 | F2: =MAX(0.1, NORMINV(E2, 3, 3)) -> 3.5047343 | G2: =D2 -> 4.9269108 | H2: =G2+F2 -> 8.4316451 | I2: =H2-D2 -> 3.5047343 | J2: =G2-D2 -> 0 | K2: =D2 -> 4.9269108
A3: 2 | B3: =RAND() -> 0.51237351 | C3: =1 + (10-1)*B3 -> 5.6113615 | D3: =D2+C3 -> 10.538272 | E3: =RAND() -> 0.53375021 | F3: =MAX(0.1, NORMINV(E3, 3, 3)) -> 3.2541012 | G3: =MAX(D3, H2) -> 10.538272 | H3: =G3+F3 -> 13.792374 | I3: =H3-D3 -> 3.2541012 | J3: =G3-D3 -> 0 | K3: =MAX(0, G3-H2) -> 2.1066273
A4: 3 | B4: =RAND() -> 0.81411677 | C4: =1 + (10-1)*B4 -> 8.3270509 | D4: =D3+C4 -> 18.865323 | E4: =RAND() -> 0.28060902 | F4: =MAX(0.1, NORMINV(E4, 3, 3)) -> 1.2569002 | G4: =MAX(D4, H3) -> 18.865323 | H4: =G4+F4 -> 20.122223 | I4: =H4-D4 -> 1.2569002 | J4: =G4-D4 -> 0 | K4: =MAX(0, G4-H3) -> 5.0729497
A5: 4 | B5: =RAND() -> 0.1426882 | C5: =1 + (10-1)*B5 -> 2.2841938 | D5: =D4+C5 -> 21.149517 | E5: =RAND() -> 0.11759339 | F5: =MAX(0.1, NORMINV(E5, 3, 3)) -> 0.1 | G5: =MAX(D5, H4) -> 21.149517 | H5: =G5+F5 -> 21.249517 | I5: =H5-D5 -> 0.1 | J5: =G5-D5 -> 0 | K5: =MAX(0, G5-H4) -> 1.0272936
A6: 5 | B6: =RAND() -> 0.2689283 | C6: =1 + (10-1)*B6 -> 3.4203547 | D6: =D5+C6 -> 24.569872 | E6: =RAND() -> 0.4332075 | F6: =MAX(0.1, NORMINV(E6, 3, 3)) -> 2.4953583 | G6: =MAX(D6, H5) -> 24.569872 | H6: =G6+F6 -> 27.06523 | I6: =H6-D6 -> 2.4953583 | J6: =G6-D6 -> 0 | K6: =MAX(0, G6-H5) -> 3.3203547
A7: 6 | B7: =RAND() -> 0.17637025 | C7: =1 + (10-1)*B7 -> 2.5873322 | D7: =D6+C7 -> 27.157204 | E7: =RAND() -> 0.76447225 | F7: =MAX(0.1, NORMINV(E7, 3, 3)) -> 5.1622882 | G7: =MAX(D7, H6) -> 27.157204 | H7: =G7+F7 -> 32.319492 | I7: =H7-D7 -> 5.1622882 | J7: =G7-D7 -> 0 | K7: =MAX(0, G7-H6) -> 0.091973989
A8: 7 | B8: =RAND() -> 0.4602806 | C8: =1 + (10-1)*B8 -> 5.1425254 | D8: =D7+C8 -> 32.299729 | E8: =RAND() -> 0.0076165434 | F8: =MAX(0.1, NORMINV(E8, 3, 3)) -> 0.1 | G8: =MAX(D8, H7) -> 32.319492 | H8: =G8+F8 -> 32.419492 | I8: =H8-D8 -> 0.11976286 | J8: =G8-D8 -> 0.019762859 | K8: =MAX(0, G8-H7) -> 0
A9: 8 | B9: =RAND() -> 0.37146912 | C9: =1 + (10-1)*B9 -> 4.3432221 | D9: =D8+C9 -> 36.642951 | E9: =RAND() -> 0.46476896 | F9: =MAX(0.1, NORMINV(E9, 3, 3)) -> 2.7347213 | G9: =MAX(D9, H8) -> 36.642951 | H9: =G9+F9 -> 39.377673 | I9: =H9-D9 -> 2.7347213 | J9: =G9-D9 -> 0 | K9: =MAX(0, G9-H8) -> 4.2234593
A10: 9 | B10: =RAND() -> 0.59732726 | C10: =1 + (10-1)*B10 -> 6.3759453 | D10: =D9+C10 -> 43.018897 | E10: =RAND() -> 0.85000123 | F10: =MAX(0.1, NORMINV(E10, 3, 3)) -> 6.109316 | G10: =MAX(D10, H9) -> 43.018897 | H10: =G10+F10 -> 49.128213 | I10: =H10-D10 -> 6.109316 | J10: =G10-D10 -> 0 | K10: =MAX(0, G10-H9) -> 3.641224
A11: 10 | B11: =RAND() -> 0.73115238 | C11: =1 + (10-1)*B11 -> 7.5803714 | D11: =D10+C11 -> 50.599268 | E11: =RAND() -> 0.75605909 | F11: =MAX(0.1, NORMINV(E11, 3, 3)) -> 5.0810452 | G11: =MAX(D11, H10) -> 50.599268 | H11: =G11+F11 -> 55.680313 | I11: =H11-D11 -> 5.0810452 | J11: =G11-D11 -> 0 | K11: =MAX(0, G11-H10) -> 1.4710554
A12: 11 | B12: =RAND() -> 0.7404814 | C12: =1 + (10-1)*B12 -> 7.6643326 | D12: =D11+C12 -> 58.263601 | E12: =RAND() -> 0.25940254 | F12: =MAX(0.1, NORMINV(E12, 3, 3)) -> 1.0644347 | G12: =MAX(D12, H11) -> 58.263601 | H12: =G12+F12 -> 59.328036 | I12: =H12-D12 -> 1.0644347 | J12: =G12-D12 -> 0 | K12: =MAX(0, G12-H11) -> 2.5832874
A13: 12 | B13: =RAND() -> 0.95356612 | C13: =1 + (10-1)*B13 -> 9.5820951 | D13: =D12+C13 -> 67.845696 | E13: =RAND() -> 0.52251049 | F13: =MAX(0.1, NORMINV(E13, 3, 3)) -> 3.1693663 | G13: =MAX(D13, H12) -> 67.845696 | H13: =G13+F13 -> 71.015062 | I13: =H13-D13 -> 3.1693663 | J13: =G13-D13 -> 0 | K13: =MAX(0, G13-H12) -> 8.5176604
A14: 13 | B14: =RAND() -> 0.31031466 | C14: =1 + (10-1)*B14 -> 3.792832 | D14: =D13+C14 -> 71.638528 | E14: =RAND() -> 0.920474 | F14: =MAX(0.1, NORMINV(E14, 3, 3)) -> 7.2248013 | G14: =MAX(D14, H13) -> 71.638528 | H14: =G14+F14 -> 78.863329 | I14: =H14-D14 -> 7.2248013 | J14: =G14-D14 -> 0 | K14: =MAX(0, G14-H13) -> 0.62346572
... A51: 50 | B51: =RAND() -> 0.8926585 | C51: =1 + (10-1)*B51 -> 9.0339265 | D51: =D50+C51 -> 270.02148 | E51: =RAND() -> 0.49734123 | F51: =MAX(0.1, NORMINV(E51, 3, 3)) -> 2.9800062 | G51: =MAX(D51, H50) -> 270.02148 | H51: =G51+F51 -> 273.00149 | I51: =H51-D51 -> 2.9800062 | J51: =G51-D51 -> 0 | K51: =MAX(0, G51-H50) -> 6.7377433

Sheet Resumen y Comparación
A1: Métrica | B1: Caso Base (U-U) | C1: Escenario 1 (Exp-U) | D1: Escenario 2 (U-Norm)
A2: Tiempo Promedio en Sistema (min) | B2: =AVERAGE('1. Caso Base (U-U)'!I2:I51) -> 4.2035754 | C2: =AVERAGE('2. Escenario 1 (Exp-U)'!I2:I51) -> 4.5161707 | D2: =AVERAGE('3. Escenario 2 (U-Norm)'!I2:I51) -> 3.6665766
A3: Tiempo Desocupado Total Cajero (min) | B3: =SUM('1. Caso Base (U-U)'!K2:K51) -> 124.85428 | C3: =SUM('2. Escenario 1 (Exp-U)'!K2:K51) -> 260.28725 | D3: =SUM('3. Escenario 2 (U-Norm)'!K2:K51) -> 113.02336
A4: Tiempo Promedio de Espera (min) | B4: =AVERAGE('1. Caso Base (U-U)'!J2:J51) -> 0.69619696 | C4: =AVERAGE('2. Escenario 1 (Exp-U)'!J2:J51) -> 0.93637981 | D4: =AVERAGE('3. Escenario 2 (U-Norm)'!J2:J51) -> 0.46701402
